,Location,Latitude,Longitude
0,Agam,-0.2547205,100.17003113862154
1,AldineTX,29.899876900000002,-95.33736829765041
2,AliceSprings,-23.6983884,133.8812885
3,Altzomoni,19.1205485,-98.6533287
4,ArlingtonTX,32.7355816,-97.1071186
5,Athens-NOA,33.9597677,-83.376398
6,AtlantaGA-Conyers,33.7489924,-84.3902644
7,AtlantaGA-GATech,33.7489924,-84.3902644
8,AtlantaGA-SouthDeKalb,33.7489924,-84.3902644
9,AtlantaGA,33.7489924,-84.3902644
10,AustinTX,30.2711286,-97.7436995
11,Bandung,-6.9215529,107.6110212
12,Bangkok,13.7524938,100.4935089
13,Banting,2.8027574,101.4956767
14,BayonneNJ,43.4945144,-1.4736657
15,Beijing-RADI,40.190632,116.412144
16,BeltsvilleMD,39.039773499999995,-76.92718505662606
17,Berlin,52.510885,13.3989367
18,BlueHillMA,54.84360015,-3.8927216783020464
19,BostonMA,42.3554334,-71.060511
20,BoulderCO-NCAR,40.0149856,-105.270545
21,BoulderCO,40.0149856,-105.270545
22,Bremen,53.0758196,8.8071646
23,BristolPA,51.4538022,-2.5972985
24,BronxNY,40.8466508,-73.8785937
25,Brussels-Uccle,50.8035441,4.3338445
26,Bucharest,44.4361414,26.1027202
27,BuenosAires,-34.6083696,-58.4440583
28,BuffaloNY,42.8867166,-78.8783922
29,Busan,35.1799528,129.0752365
30,Cabauw,51.9642565,4.897778
31,Calakmul,18.486203,-89.65757126562062
32,CambridgeBay,69.1178442,-105.0603881
33,CambridgeMA,42.3656347,-71.1040018
34,CameronLA,29.888055,-93.1843025
35,CapeElizabethME,43.5931434,-70.2289333
36,Cebu,10.47,123.83
37,ChapelHillNC,35.9131542,-79.05578
38,CharlesCityVA,37.3705777,-77.0605098
39,ChelseaMA,42.3912241,-71.0369301
40,ChiangMai,18.7882778,98.9858802
41,ChicagoIL,41.8755616,-87.6244212
42,Cologne,43.7218277,0.9774958
43,ComodoroRivadavia,-45.8632024,-67.4752615
44,Cordoba,37.8845813,-4.7760138
45,CornwallCT,41.8437058,-73.3292848
46,CorpusChristiTX,27.7635302,-97.4033191
47,Daegu,35.8713,128.6018
48,Dalanzadgad,43.5717042,104.4259502
49,Davos,46.796198,9.8236892
50,DearbornMI,42.3222599,-83.1763145
51,DeBilt,52.1445592,5.173777333788463
52,Dhaka,23.7544529,90.393336
53,Downsview,43.7492988,-79.462248
54,EastProvidenceRI,41.8194081,-71.376257
55,EdwardsCA,45.3228512,-75.4661296
56,Egbert,38.7597654,-91.6335039
57,EssexMD,39.301058999999995,-76.44248693849093
58,Eureka-0PAL,40.7906871,-124.1673746
59,Eureka-PEARL,40.7906871,-124.1673746
60,FairbanksAK,64.837845,-147.716675
61,Fajardo,18.3278026,-65.65618322074886
62,FortMcKay,57.1825744,-111.6378436
63,FortYatesND,46.086941,-100.630127
64,Fukuoka,33.6251241,130.6180016
65,Gongju-KNU,36.47257,127.09124
66,Granada,37.1734995,-3.5995337
67,GrandForksND,47.9252104,-97.0306325
68,GreenbeltMD,38.9933654,-76.88333238304114
69,Haldwani-ARIES,29.2144809,79.5279012
70,HamptonVA-HU,37.0264414,-76.3442846
71,HamptonVA,37.0264414,-76.3442846
72,Heidelberg,49.4093582,8.694724
73,Helsinki,60.1674881,24.9427473
74,HoustonTX-SanJacinto,29.7589382,-95.3676974
75,HoustonTX,29.7589382,-95.3676974
76,HuntsvilleAL,33.55872338360131,-86.80237471744451
77,Ilocos,17.2,120.5
78,Incheon-ESC,37.456,126.7052
79,Innsbruck,47.2654296,11.3927685
80,IowaCityIA-WHS,41.6612561,-91.5299106
81,Islamabad-NUST,33.6938118,73.0651511
82,Izana,41.672584,-2.6099611
83,Jeonju,35.8237631,127.1472805
84,Juelich,50.9220931,6.3611015
85,KenoshaWI,42.5846773,-87.8212263
86,Kobe,34.6932379,135.1943764
87,Kosetice,49.5583099,15.1161555
88,LaPaz,-16.4955455,-68.1336229
89,LaPorteTX,29.6657838,-95.0193729
90,LapwaiID,46.4048423,-116.804588
91,LibertyTX,30.0856736,-94.7856262
92,Lindenberg,53.7651998,13.0225848
93,LondonderryNH,42.8650869,-71.3739532
94,LynnMA,42.466763,-70.9494939
95,MadisonCT,41.2794282,-72.5983151
96,ManhattanKS,39.1836082,-96.5716694
97,ManhattanNY-CCNY,40.7896239,-73.9598939
98,MaunaLoaHI,19.4755277,-155.6057028
99,MexicoCity-UNAM,19.4326296,-99.1331785
100,MexicoCity-Vallejo,19.4326296,-99.1331785
101,MiamiFL-FIU,25.7741728,-80.19362
102,MountainViewCA,37.3893889,-122.0832101
103,Nagoya,35.1851045,136.8998438
104,Nainital-ARIES,29.3905295,79.460869
105,NewBrunswickNJ,40.4862174,-74.4518173
106,NewHavenCT,41.3082138,-72.9250518
107,NewLondonCT,41.3556187,-72.0997804
108,NewOrleansLA-XULA,29.9759983,-90.0782127
109,NyAlesund,78.9255303,11.9291656
110,OldFieldNY,40.9598847,-73.1295748
111,Palau,42.5717989,2.9600905
112,Palawan,11.0798978,120.93734215474105
113,PhiladelphiaPA,39.9527237,-75.1635262
114,PhnomPenh,11.5730391,104.857807
115,PittsburghPA,40.4416941,-79.9900861
116,Pontianak,-0.0226903,109.3447488
117,Potchefstroom-METSI,-26.7150922,27.1013887
118,QueensNY,40.6515585,-73.79267536317502
119,QuezonCity,14.6510546,121.0486254
120,RichmondCA,37.9357576,-122.347748
121,Rome-IIA,41.8933203,12.4829321
122,Rome-ISAC,41.8933203,12.4829321
123,Rome-SAP,41.8933203,12.4829321
124,Rotterdam-Haven,51.91925665,4.492419264843747
125,SaltLakeCityUT-Hawthorne,40.7596198,-111.886797
126,SaltLakeCityUT,40.7596198,-111.886797
127,SanJoseCA,37.3361663,-121.890591
128,Sapporo,43.061936,141.3542924
129,Seosan,36.784499,126.450317
130,Seoul-KU,37.54184695,127.07711486219412
131,Seoul-SNU,37.45811495,126.95216069831967
132,Seoul,37.5666791,126.9782914
133,Singapore-NUS,1.2962018,103.77689765953073
134,Songkhla,6.8790221,100.5498542
135,SouthJordanUT,40.5584882,-111.9367107
136,StGeorge,37.104153,-113.584131
137,StonyPlain,53.5289862,-114.004873
138,Suwon-USW,37.2633325,127.0287472
139,SWDetroitMI,42.3140653,-83.1061567
140,Tel-Aviv,32.0852997,34.7818064
141,Thessaloniki,40.6403167,22.9352716
142,Tokyo-Sophia,35.6947578,139.7010123
143,Tokyo-TMU,35.62003705,139.3828668431994
144,Toronto-CNTower,43.6425637,-79.38708718320467
145,Toronto-Scarborough,43.7729744,-79.2576479
146,Toronto-West,43.6993087,-79.59780407460434
147,Trollhaugen,63.0378758,7.7287855
148,Tsukuba-NIES-West,36.049773599999995,140.11851636912203
149,Tsukuba-NIES,36.049773599999995,140.11851636912203
150,Tsukuba,36.0833265,140.077279
151,TubaCityAZ,36.123307,-111.24218755955015
152,TucsonAZ,32.2228765,-110.974847
153,TurlockCA,37.4946568,-120.8465941
154,TylerTX,32.3512601,-95.3010624
155,Ulaanbaatar,47.9184676,106.9177016
156,Ulsan,35.5391697,129.3119136
157,Vientiane,17.9640988,102.6133707
158,VirginiaBeachVA-CBBT,36.91822755,-76.13010235
159,WacoTX,31.5491899,-97.1474628
160,Wakkerstroom,-27.353611,30.145
161,WallopsIslandVA,37.88387115,-75.45616657057555
162,Warsaw-UW,52.2376023,21.0175167
163,WashingtonDC,38.8950368,-77.0365427
164,WestportCT,41.1414855,-73.3578955
165,WhittierCA,33.9749136,-118.0338664
166,Windsor-West,42.279681249999996,-83.03361354722105
167,WrightwoodCA,34.3608023,-117.6340458
168,Yokosuka,35.2814779,139.6719597
169,Yongin,37.2405741,127.1785572
